set;id;numero;nome;url;pagina;status;erro
smp;smp-SM01;SM01;Rowlet;https://limitlesstcg.nyc3.cdn.digitaloceanspaces.com/tpci/SMP/SMP_001_R_PT.png;https://limitlesstcg.com/cards/pt/SMP/1;baixado;
smp;smp-SM02;SM02;Litten;https://limitlesstcg.nyc3.cdn.digitaloceanspaces.com/tpci/SMP/SMP_002_R_PT.png;https://limitlesstcg.com/cards/pt/SMP/2;baixado;
smp;smp-SM03;SM03;Popplio;https://limitlesstcg.nyc3.cdn.digitaloceanspaces.com/tpci/SMP/SMP_003_R_PT.png;https://limitlesstcg.com/cards/pt/SMP/3;baixado;
smp;smp-SM05;SM05;Snorlax GX;https://limitlesstcg.nyc3.cdn.digitaloceanspaces.com/tpci/SMP/SMP_005_R_PT.png;https://limitlesstcg.com/cards/pt/SMP/5;baixado;
smp;smp-SM06;SM06;Rockruff;https://limitlesstcg.nyc3.cdn.digitaloceanspaces.com/tpci/SMP/SMP_006_R_PT.png;https://limitlesstcg.com/cards/pt/SMP/6;baixado;
smp;smp-SM07;SM07;Pikipek;https://limitlesstcg.nyc3.cdn.digitaloceanspaces.com/tpci/SMP/SMP_007_R_PT.png;https://limitlesstcg.com/cards/pt/SMP/7;baixado;
smp;smp-SM08;SM08;Litten;https://limitlesstcg.nyc3.cdn.digitaloceanspaces.com/tpci/SMP/SMP_008_R_PT.png;https://limitlesstcg.com/cards/pt/SMP/8;baixado;
smp;smp-SM09;SM09;Togedemaru;https://limitlesstcg.nyc3.cdn.digitaloceanspaces.com/tpci/SMP/SMP_009_R_PT.png;https://limitlesstcg.com/cards/pt/SMP/9;baixado;
smp;smp-SM10;SM10;Shiinotic;https://limitlesstcg.nyc3.cdn.digitaloceanspaces.com/tpci/SMP/SMP_010_R_PT.png;https://limitlesstcg.com/cards/pt/SMP/10;baixado;
smp;smp-SM100;SM100;Lucario GX;https://limitlesstcg.nyc3.cdn.digitaloceanspaces.com/tpci/SMP/SMP_100_R_PT.png;https://limitlesstcg.com/cards/pt/SMP/100;baixado;
smp;smp-SM101;SM101;Necrozma Asas Alvorada GX;https://limitlesstcg.nyc3.cdn.digitaloceanspaces.com/tpci/SMP/SMP_101_R_PT.png;https://limitlesstcg.com/cards/pt/SMP/101;baixado;
smp;smp-SM102;SM102;Necrozma Juba Crepúsculo GX;https://limitlesstcg.nyc3.cdn.digitaloceanspaces.com/tpci/SMP/SMP_102_R_PT.png;https://limitlesstcg.com/cards/pt/SMP/102;baixado;
smp;smp-SM103;SM103;Lunala GX;https://limitlesstcg.nyc3.cdn.digitaloceanspaces.com/tpci/SMP/SMP_103_R_PT.png;https://limitlesstcg.com/cards/pt/SMP/103;baixado;
smp;smp-SM104;SM104;Solgaleo GX;https://limitlesstcg.nyc3.cdn.digitaloceanspaces.com/tpci/SMP/SMP_104_R_PT.png;https://limitlesstcg.com/cards/pt/SMP/104;baixado;
smp;smp-SM105;SM105;Lycanroc;https://limitlesstcg.nyc3.cdn.digitaloceanspaces.com/tpci/SMP/SMP_105_R_PT.png;https://limitlesstcg.com/cards/pt/SMP/105;baixado;
smp;smp-SM106;SM106;Necrozma Asas Alvorada;https://limitlesstcg.nyc3.cdn.digitaloceanspaces.com/tpci/SMP/SMP_106_R_PT.png;https://limitlesstcg.com/cards/pt/SMP/106;baixado;
smp;smp-SM107;SM107;Necrozma Juba Crepúsculo;https://limitlesstcg.nyc3.cdn.digitaloceanspaces.com/tpci/SMP/SMP_107_R_PT.png;https://limitlesstcg.com/cards/pt/SMP/107;baixado;
smp;smp-SM11;SM11;Bruxish;https://limitlesstcg.nyc3.cdn.digitaloceanspaces.com/tpci/SMP/SMP_011_R_PT.png;https://limitlesstcg.com/cards/pt/SMP/11;baixado;
smp;smp-SM115;SM115;Pheromosa;https://limitlesstcg.nyc3.cdn.digitaloceanspaces.com/tpci/SMP/SMP_115_R_PT.png;https://limitlesstcg.com/cards/pt/SMP/115;baixado;
smp;smp-SM116;SM116;Xurkitree;https://limitlesstcg.nyc3.cdn.digitaloceanspaces.com/tpci/SMP/SMP_116_R_PT.png;https://limitlesstcg.com/cards/pt/SMP/116;baixado;
smp;smp-SM117;SM117;Malamar;https://limitlesstcg.nyc3.cdn.digitaloceanspaces.com/tpci/SMP/SMP_117_R_PT.png;https://limitlesstcg.com/cards/pt/SMP/117;baixado;
smp;smp-SM118;SM118;Lycanroc;https://limitlesstcg.nyc3.cdn.digitaloceanspaces.com/tpci/SMP/SMP_118_R_PT.png;https://limitlesstcg.com/cards/pt/SMP/118;baixado;
smp;smp-SM119;SM119;Exeggcute;https://limitlesstcg.nyc3.cdn.digitaloceanspaces.com/tpci/SMP/SMP_119_R_PT.png;https://limitlesstcg.com/cards/pt/SMP/119;baixado;
smp;smp-SM12;SM12;Passimian;https://limitlesstcg.nyc3.cdn.digitaloceanspaces.com/tpci/SMP/SMP_012_R_PT.png;https://limitlesstcg.com/cards/pt/SMP/12;baixado;
smp;smp-SM120;SM120;Rockruff;https://limitlesstcg.nyc3.cdn.digitaloceanspaces.com/tpci/SMP/SMP_120_R_PT.png;https://limitlesstcg.com/cards/pt/SMP/120;baixado;
smp;smp-SM121;SM121;Raikou GX;https://limitlesstcg.nyc3.cdn.digitaloceanspaces.com/tpci/SMP/SMP_121_R_PT.png;https://limitlesstcg.com/cards/pt/SMP/121;baixado;
smp;smp-SM122;SM122;Zygarde GX;https://limitlesstcg.nyc3.cdn.digitaloceanspaces.com/tpci/SMP/SMP_122_R_PT.png;https://limitlesstcg.com/cards/pt/SMP/122;baixado;
smp;smp-SM123;SM123;Necrozma Asas Alvorada;https://limitlesstcg.nyc3.cdn.digitaloceanspaces.com/tpci/SMP/SMP_123_R_PT.png;https://limitlesstcg.com/cards/pt/SMP/123;baixado;
smp;smp-SM124;SM124;Necrozma Juba Crepúsculo;https://limitlesstcg.nyc3.cdn.digitaloceanspaces.com/tpci/SMP/SMP_124_R_PT.png;https://limitlesstcg.com/cards/pt/SMP/124;baixado;
smp;smp-SM125;SM125;Naganadel GX;https://limitlesstcg.nyc3.cdn.digitaloceanspaces.com/tpci/SMP/SMP_125_R_PT.png;https://limitlesstcg.com/cards/pt/SMP/125;baixado;
smp;smp-SM126;SM126;Ultra Necrozma GX;https://limitlesstcg.nyc3.cdn.digitaloceanspaces.com/tpci/SMP/SMP_126_R_PT.png;https://limitlesstcg.com/cards/pt/SMP/126;baixado;
smp;smp-SM127;SM127;Sandslash de Alola;https://limitlesstcg.nyc3.cdn.digitaloceanspaces.com/tpci/SMP/SMP_127_R_PT.png;https://limitlesstcg.com/cards/pt/SMP/127;baixado;
smp;smp-SM128;SM128;Ninetales de Alola;https://limitlesstcg.nyc3.cdn.digitaloceanspaces.com/tpci/SMP/SMP_128_R_PT.png;https://limitlesstcg.com/cards/pt/SMP/128;baixado;
smp;smp-SM129;SM129;Kyogre;https://limitlesstcg.nyc3.cdn.digitaloceanspaces.com/tpci/SMP/SMP_129_R_PT.png;https://limitlesstcg.com/cards/pt/SMP/129;baixado;
smp;smp-SM13;SM13;Oranguru;https://limitlesstcg.nyc3.cdn.digitaloceanspaces.com/tpci/SMP/SMP_013_R_PT.png;https://limitlesstcg.com/cards/pt/SMP/13;baixado;
smp;smp-SM130;SM130;Manectric;https://limitlesstcg.nyc3.cdn.digitaloceanspaces.com/tpci/SMP/SMP_130_R_PT.png;https://limitlesstcg.com/cards/pt/SMP/130;baixado;
smp;smp-SM131;SM131;Celesteela;https://limitlesstcg.nyc3.cdn.digitaloceanspaces.com/tpci/SMP/SMP_131_R_PT.png;https://limitlesstcg.com/cards/pt/SMP/131;baixado;
smp;smp-SM132;SM132;Delcatty;https://limitlesstcg.nyc3.cdn.digitaloceanspaces.com/tpci/SMP/SMP_132_R_PT.png;https://limitlesstcg.com/cards/pt/SMP/132;baixado;
smp;smp-SM133;SM133;Thundurus GX;https://limitlesstcg.nyc3.cdn.digitaloceanspaces.com/tpci/SMP/SMP_133_R_PT.png;https://limitlesstcg.com/cards/pt/SMP/133;baixado;
smp;smp-SM134;SM134;Tornadus GX;https://limitlesstcg.nyc3.cdn.digitaloceanspaces.com/tpci/SMP/SMP_134_R_PT.png;https://limitlesstcg.com/cards/pt/SMP/134;baixado;
smp;smp-SM135;SM135;Latias;https://limitlesstcg.nyc3.cdn.digitaloceanspaces.com/tpci/SMP/SMP_135_R_PT.png;https://limitlesstcg.com/cards/pt/SMP/135;baixado;
smp;smp-SM136;SM136;Latios;https://limitlesstcg.nyc3.cdn.digitaloceanspaces.com/tpci/SMP/SMP_136_R_PT.png;https://limitlesstcg.com/cards/pt/SMP/136;baixado;
smp;smp-SM137;SM137;Reshiram GX;https://limitlesstcg.nyc3.cdn.digitaloceanspaces.com/tpci/SMP/SMP_137_R_PT.png;https://limitlesstcg.com/cards/pt/SMP/137;baixado;
smp;smp-SM138;SM138;Zekrom GX;https://limitlesstcg.nyc3.cdn.digitaloceanspaces.com/tpci/SMP/SMP_138_R_PT.png;https://limitlesstcg.com/cards/pt/SMP/138;baixado;
smp;smp-SM139;SM139;Salamence GX;https://limitlesstcg.nyc3.cdn.digitaloceanspaces.com/tpci/SMP/SMP_139_R_PT.png;https://limitlesstcg.com/cards/pt/SMP/139;baixado;
smp;smp-SM14;SM14;Lycanroc GX;https://limitlesstcg.nyc3.cdn.digitaloceanspaces.com/tpci/SMP/SMP_014_R_PT.png;https://limitlesstcg.com/cards/pt/SMP/14;baixado;
smp;smp-SM140;SM140;Salamence;https://limitlesstcg.nyc3.cdn.digitaloceanspaces.com/tpci/SMP/SMP_140_R_PT.png;https://limitlesstcg.com/cards/pt/SMP/140;baixado;
smp;smp-SM141;SM141;Kyurem Branco GX;https://limitlesstcg.nyc3.cdn.digitaloceanspaces.com/tpci/SMP/SMP_141_R_PT.png;https://limitlesstcg.com/cards/pt/SMP/141;baixado;
smp;smp-SM142;SM142;Kyurem;https://limitlesstcg.nyc3.cdn.digitaloceanspaces.com/tpci/SMP/SMP_142_R_PT.png;https://limitlesstcg.com/cards/pt/SMP/142;baixado;
smp;smp-SM143;SM143;Moltres;https://limitlesstcg.nyc3.cdn.digitaloceanspaces.com/tpci/SMP/SMP_143_R_PT.png;https://limitlesstcg.com/cards/pt/SMP/143;baixado;
smp;smp-SM144;SM144;Articuno;https://limitlesstcg.nyc3.cdn.digitaloceanspaces.com/tpci/SMP/SMP_144_R_PT.png;https://limitlesstcg.com/cards/pt/SMP/144;baixado;
smp;smp-SM145;SM145;Zapdos;https://limitlesstcg.nyc3.cdn.digitaloceanspaces.com/tpci/SMP/SMP_145_R_PT.png;https://limitlesstcg.com/cards/pt/SMP/145;baixado;
smp;smp-SM146;SM146;Leafeon GX;https://limitlesstcg.nyc3.cdn.digitaloceanspaces.com/tpci/SMP/SMP_146_R_PT.png;https://limitlesstcg.com/cards/pt/SMP/146;baixado;
smp;smp-SM147;SM147;Glaceon GX;https://limitlesstcg.nyc3.cdn.digitaloceanspaces.com/tpci/SMP/SMP_147_R_PT.png;https://limitlesstcg.com/cards/pt/SMP/147;baixado;
smp;smp-SM148;SM148;Festival dos Campeões;https://limitlesstcg.nyc3.cdn.digitaloceanspaces.com/tpci/SMP/SMP_148_R_PT.png;https://limitlesstcg.com/cards/pt/SMP/148;baixado;
smp;smp-SM149;SM149;Suicune;https://limitlesstcg.nyc3.cdn.digitaloceanspaces.com/tpci/SMP/SMP_149_R_PT.png;https://limitlesstcg.com/cards/pt/SMP/149;baixado;
smp;smp-SM15;SM15;Zygarde;https://limitlesstcg.nyc3.cdn.digitaloceanspaces.com/tpci/SMP/SMP_015_R_PT.png;https://limitlesstcg.com/cards/pt/SMP/15;baixado;
smp;smp-SM150;SM150;Raikou;https://limitlesstcg.nyc3.cdn.digitaloceanspaces.com/tpci/SMP/SMP_150_R_PT.png;https://limitlesstcg.com/cards/pt/SMP/150;baixado;
smp;smp-SM151;SM151;Giratina;https://limitlesstcg.nyc3.cdn.digitaloceanspaces.com/tpci/SMP/SMP_151_R_PT.png;https://limitlesstcg.com/cards/pt/SMP/151;baixado;
smp;smp-SM152;SM152;Tapu Lele;https://limitlesstcg.nyc3.cdn.digitaloceanspaces.com/tpci/SMP/SMP_152_R_PT.png;https://limitlesstcg.com/cards/pt/SMP/152;baixado;
smp;smp-SM153;SM153;Rowlet;https://limitlesstcg.nyc3.cdn.digitaloceanspaces.com/tpci/SMP/SMP_153_R_PT.png;https://limitlesstcg.com/cards/pt/SMP/153;baixado;
smp;smp-SM154;SM154;Salandit;https://limitlesstcg.nyc3.cdn.digitaloceanspaces.com/tpci/SMP/SMP_154_R_PT.png;https://limitlesstcg.com/cards/pt/SMP/154;baixado;
smp;smp-SM155;SM155;Kingdra GX;https://limitlesstcg.nyc3.cdn.digitaloceanspaces.com/tpci/SMP/SMP_155_R_PT.png;https://limitlesstcg.com/cards/pt/SMP/155;baixado;
smp;smp-SM156;SM156;Dragonite GX;https://limitlesstcg.nyc3.cdn.digitaloceanspaces.com/tpci/SMP/SMP_156_R_PT.png;https://limitlesstcg.com/cards/pt/SMP/156;baixado;
smp;smp-SM157;SM157;Pikachu;https://limitlesstcg.nyc3.cdn.digitaloceanspaces.com/tpci/SMP/SMP_157_R_PT.png;https://limitlesstcg.com/cards/pt/SMP/157;baixado;
smp;smp-SM158;SM158;Charizard;https://limitlesstcg.nyc3.cdn.digitaloceanspaces.com/tpci/SMP/SMP_158_R_PT.png;https://limitlesstcg.com/cards/pt/SMP/158;baixado;
smp;smp-SM159;SM159;Zapdos;https://limitlesstcg.nyc3.cdn.digitaloceanspaces.com/tpci/SMP/SMP_159_R_PT.png;https://limitlesstcg.com/cards/pt/SMP/159;baixado;
smp;smp-SM16;SM16;Solgaleo GX;https://limitlesstcg.nyc3.cdn.digitaloceanspaces.com/tpci/SMP/SMP_016_R_PT.png;https://limitlesstcg.com/cards/pt/SMP/16;baixado;
smp;smp-SM160;SM160;Nidoqueen;https://limitlesstcg.nyc3.cdn.digitaloceanspaces.com/tpci/SMP/SMP_160_R_PT.png;https://limitlesstcg.com/cards/pt/SMP/160;baixado;
smp;smp-SM161;SM161;Jirachi;https://limitlesstcg.nyc3.cdn.digitaloceanspaces.com/tpci/SMP/SMP_161_R_PT.png;https://limitlesstcg.com/cards/pt/SMP/161;baixado;
smp;smp-SM162;SM162;Pikachu;https://limitlesstcg.nyc3.cdn.digitaloceanspaces.com/tpci/SMP/SMP_162_R_PT.png;https://limitlesstcg.com/cards/pt/SMP/162;baixado;
smp;smp-SM163;SM163;Mimikyu;https://limitlesstcg.nyc3.cdn.digitaloceanspaces.com/tpci/SMP/SMP_163_R_PT.png;https://limitlesstcg.com/cards/pt/SMP/163;baixado;
smp;smp-SM164;SM164;Deoxys;https://limitlesstcg.nyc3.cdn.digitaloceanspaces.com/tpci/SMP/SMP_164_R_PT.png;https://limitlesstcg.com/cards/pt/SMP/164;baixado;
smp;smp-SM165;SM165;Ultra Necrozma;https://limitlesstcg.nyc3.cdn.digitaloceanspaces.com/tpci/SMP/SMP_165_R_PT.png;https://limitlesstcg.com/cards/pt/SMP/165;baixado;
smp;smp-SM166;SM166;Magikarp e Wailord GX;https://limitlesstcg.nyc3.cdn.digitaloceanspaces.com/tpci/SMP/SMP_166_R_PT.png;https://limitlesstcg.com/cards/pt/SMP/166;baixado;
smp;smp-SM167;SM167;Celebi e Venusaur GX;https://limitlesstcg.nyc3.cdn.digitaloceanspaces.com/tpci/SMP/SMP_167_R_PT.png;https://limitlesstcg.com/cards/pt/SMP/167;baixado;
smp;smp-SM168;SM168;Pikachu e Zekrom GX;https://limitlesstcg.nyc3.cdn.digitaloceanspaces.com/tpci/SMP/SMP_168_R_PT.png;https://limitlesstcg.com/cards/pt/SMP/168;baixado;
smp;smp-SM169;SM169;Eevee e Snorlax GX;https://limitlesstcg.nyc3.cdn.digitaloceanspaces.com/tpci/SMP/SMP_169_R_PT.png;https://limitlesstcg.com/cards/pt/SMP/169;baixado;
smp;smp-SM17;SM17;Lunala GX;https://limitlesstcg.nyc3.cdn.digitaloceanspaces.com/tpci/SMP/SMP_017_R_PT.png;https://limitlesstcg.com/cards/pt/SMP/17;baixado;
smp;smp-SM170;SM170;Detective Pikachu;https://limitlesstcg.nyc3.cdn.digitaloceanspaces.com/tpci/SMP/SMP_170_R_PT.png;https://limitlesstcg.com/cards/pt/SMP/170;baixado;
smp;smp-SM171;SM171;Flareon GX;https://limitlesstcg.nyc3.cdn.digitaloceanspaces.com/tpci/SMP/SMP_171_R_PT.png;https://limitlesstcg.com/cards/pt/SMP/171;baixado;
smp;smp-SM172;SM172;Vaporeon GX;https://limitlesstcg.nyc3.cdn.digitaloceanspaces.com/tpci/SMP/SMP_172_R_PT.png;https://limitlesstcg.com/cards/pt/SMP/172;baixado;
smp;smp-SM173;SM173;Jolteon GX;https://limitlesstcg.nyc3.cdn.digitaloceanspaces.com/tpci/SMP/SMP_173_R_PT.png;https://limitlesstcg.com/cards/pt/SMP/173;baixado;
smp;smp-SM174;SM174;Eevee GX;https://limitlesstcg.nyc3.cdn.digitaloceanspaces.com/tpci/SMP/SMP_174_R_PT.png;https://limitlesstcg.com/cards/pt/SMP/174;baixado;
smp;smp-SM175;SM175;Eevee GX;https://limitlesstcg.nyc3.cdn.digitaloceanspaces.com/tpci/SMP/SMP_175_R_PT.png;https://limitlesstcg.com/cards/pt/SMP/175;baixado;
smp;smp-SM176;SM176;Eevee GX;https://limitlesstcg.nyc3.cdn.digitaloceanspaces.com/tpci/SMP/SMP_176_R_PT.png;https://limitlesstcg.com/cards/pt/SMP/176;baixado;
smp;smp-SM177;SM177;Meltan;https://limitlesstcg.nyc3.cdn.digitaloceanspaces.com/tpci/SMP/SMP_177_R_PT.png;https://limitlesstcg.com/cards/pt/SMP/177;baixado;
smp;smp-SM178;SM178;Melmetal GX;https://limitlesstcg.nyc3.cdn.digitaloceanspaces.com/tpci/SMP/SMP_178_R_PT.png;https://limitlesstcg.com/cards/pt/SMP/178;baixado;
smp;smp-SM179;SM179;Volcanion;https://limitlesstcg.nyc3.cdn.digitaloceanspaces.com/tpci/SMP/SMP_179_R_PT.png;https://limitlesstcg.com/cards/pt/SMP/179;baixado;
smp;smp-SM18;SM18;Sandslash de Alola;https://limitlesstcg.nyc3.cdn.digitaloceanspaces.com/tpci/SMP/SMP_018_R_PT.png;https://limitlesstcg.com/cards/pt/SMP/18;baixado;
smp;smp-SM180;SM180;Stakataka;https://limitlesstcg.nyc3.cdn.digitaloceanspaces.com/tpci/SMP/SMP_180_R_PT.png;https://limitlesstcg.com/cards/pt/SMP/180;baixado;
smp;smp-SM181;SM181;Melmetal;https://limitlesstcg.nyc3.cdn.digitaloceanspaces.com/tpci/SMP/SMP_181_R_PT.png;https://limitlesstcg.com/cards/pt/SMP/181;baixado;
smp;smp-SM182;SM182;Persian;https://limitlesstcg.nyc3.cdn.digitaloceanspaces.com/tpci/SMP/SMP_182_R_PT.png;https://limitlesstcg.com/cards/pt/SMP/182;baixado;
smp;smp-SM183;SM183;Pikachu;https://limitlesstcg.nyc3.cdn.digitaloceanspaces.com/tpci/SMP/SMP_183_R_PT.png;https://limitlesstcg.com/cards/pt/SMP/183;baixado;
smp;smp-SM184;SM184;Eevee;https://limitlesstcg.nyc3.cdn.digitaloceanspaces.com/tpci/SMP/SMP_184_R_PT.png;https://limitlesstcg.com/cards/pt/SMP/184;baixado;
smp;smp-SM185;SM185;Typhlosion;https://limitlesstcg.nyc3.cdn.digitaloceanspaces.com/tpci/SMP/SMP_185_R_PT.png;https://limitlesstcg.com/cards/pt/SMP/185;baixado;
smp;smp-SM186;SM186;Flareon;https://limitlesstcg.nyc3.cdn.digitaloceanspaces.com/tpci/SMP/SMP_186_R_PT.png;https://limitlesstcg.com/cards/pt/SMP/186;baixado;
smp;smp-SM187;SM187;Marowak de Alola GX;https://limitlesstcg.nyc3.cdn.digitaloceanspaces.com/tpci/SMP/SMP_187_R_PT.png;https://limitlesstcg.com/cards/pt/SMP/187;baixado;
smp;smp-SM188;SM188;Kangaskhan GX;https://limitlesstcg.nyc3.cdn.digitaloceanspaces.com/tpci/SMP/SMP_188_R_PT.png;https://limitlesstcg.com/cards/pt/SMP/188;baixado;
smp;smp-SM189;SM189;Blastoise GX;https://limitlesstcg.nyc3.cdn.digitaloceanspaces.com/tpci/SMP/SMP_189_R_PT.png;https://limitlesstcg.com/cards/pt/SMP/189;baixado;
smp;smp-SM19;SM19;Oricorio;https://limitlesstcg.nyc3.cdn.digitaloceanspaces.com/tpci/SMP/SMP_019_R_PT.png;https://limitlesstcg.com/cards/pt/SMP/19;baixado;
smp;smp-SM190;SM190;Detective Pikachu;https://limitlesstcg.nyc3.cdn.digitaloceanspaces.com/tpci/SMP/SMP_190_R_PT.png;https://limitlesstcg.com/cards/pt/SMP/190;baixado;
smp;smp-SM191;SM191;Mewtwo e Mew GX;https://limitlesstcg.nyc3.cdn.digitaloceanspaces.com/tpci/SMP/SMP_191_R_PT.png;https://limitlesstcg.com/cards/pt/SMP/191;baixado;
smp;smp-SM192;SM192;Lucario e Melmetal GX;https://limitlesstcg.nyc3.cdn.digitaloceanspaces.com/tpci/SMP/SMP_192_R_PT.png;https://limitlesstcg.com/cards/pt/SMP/192;baixado;
smp;smp-SM193;SM193;Garchomp e Giratina GX;https://limitlesstcg.nyc3.cdn.digitaloceanspaces.com/tpci/SMP/SMP_193_R_PT.png;https://limitlesstcg.com/cards/pt/SMP/193;baixado;
smp;smp-SM194;SM194;Detective Pikachu;https://limitlesstcg.nyc3.cdn.digitaloceanspaces.com/tpci/SMP/SMP_194_R_PT.png;https://limitlesstcg.com/cards/pt/SMP/194;baixado;
smp;smp-SM195;SM195;Charizard GX;https://limitlesstcg.nyc3.cdn.digitaloceanspaces.com/tpci/SMP/SMP_195_R_PT.png;https://limitlesstcg.com/cards/pt/SMP/195;baixado;
smp;smp-SM196;SM196;Mewtwo GX;https://limitlesstcg.nyc3.cdn.digitaloceanspaces.com/tpci/SMP/SMP_196_R_PT.png;https://limitlesstcg.com/cards/pt/SMP/196;baixado;
smp;smp-SM197;SM197;Greninja GX;https://limitlesstcg.nyc3.cdn.digitaloceanspaces.com/tpci/SMP/SMP_197_R_PT.png;https://limitlesstcg.com/cards/pt/SMP/197;baixado;
smp;smp-SM198;SM198;Bulbasaur;https://limitlesstcg.nyc3.cdn.digitaloceanspaces.com/tpci/SMP/SMP_198_R_PT.png;https://limitlesstcg.com/cards/pt/SMP/198;baixado;
smp;smp-SM199;SM199;Psyduck;https://limitlesstcg.nyc3.cdn.digitaloceanspaces.com/tpci/SMP/SMP_199_R_PT.png;https://limitlesstcg.com/cards/pt/SMP/199;baixado;
smp;smp-SM20;SM20;Mudsdale;https://limitlesstcg.nyc3.cdn.digitaloceanspaces.com/tpci/SMP/SMP_020_R_PT.png;https://limitlesstcg.com/cards/pt/SMP/20;baixado;
smp;smp-SM200;SM200;Snubbull;https://limitlesstcg.nyc3.cdn.digitaloceanspaces.com/tpci/SMP/SMP_200_R_PT.png;https://limitlesstcg.com/cards/pt/SMP/200;baixado;
smp;smp-SM201;SM201;Reshiram e Charizard GX;https://limitlesstcg.nyc3.cdn.digitaloceanspaces.com/tpci/SMP/SMP_201_R_PT.png;https://limitlesstcg.com/cards/pt/SMP/201;baixado;
smp;smp-SM202;SM202;Amoonguss;https://limitlesstcg.nyc3.cdn.digitaloceanspaces.com/tpci/SMP/SMP_202_R_PT.png;https://limitlesstcg.com/cards/pt/SMP/202;baixado;
smp;smp-SM203;SM203;Tapu Fini;https://limitlesstcg.nyc3.cdn.digitaloceanspaces.com/tpci/SMP/SMP_203_R_PT.png;https://limitlesstcg.com/cards/pt/SMP/203;baixado;
smp;smp-SM204;SM204;Necrozma;https://limitlesstcg.nyc3.cdn.digitaloceanspaces.com/tpci/SMP/SMP_204_R_PT.png;https://limitlesstcg.com/cards/pt/SMP/204;baixado;
smp;smp-SM205;SM205;Terrakion;https://limitlesstcg.nyc3.cdn.digitaloceanspaces.com/tpci/SMP/SMP_205_R_PT.png;https://limitlesstcg.com/cards/pt/SMP/205;baixado;
smp;smp-SM206;SM206;Pikachu;https://limitlesstcg.nyc3.cdn.digitaloceanspaces.com/tpci/SMP/SMP_206_R_PT.png;https://limitlesstcg.com/cards/pt/SMP/206;baixado;
smp;smp-SM207;SM207;Sudowoodo;https://limitlesstcg.nyc3.cdn.digitaloceanspaces.com/tpci/SMP/SMP_207_R_PT.png;https://limitlesstcg.com/cards/pt/SMP/207;baixado;
smp;smp-SM208;SM208;Vikavolt;https://limitlesstcg.nyc3.cdn.digitaloceanspaces.com/tpci/SMP/SMP_208_R_PT.png;https://limitlesstcg.com/cards/pt/SMP/208;baixado;
smp;smp-SM209;SM209;Stakataka;https://limitlesstcg.nyc3.cdn.digitaloceanspaces.com/tpci/SMP/SMP_209_R_PT.png;https://limitlesstcg.com/cards/pt/SMP/209;baixado;
smp;smp-SM21;SM21;Drampa;https://limitlesstcg.nyc3.cdn.digitaloceanspaces.com/tpci/SMP/SMP_021_R_PT.png;https://limitlesstcg.com/cards/pt/SMP/21;baixado;
smp;smp-SM210;SM210;Moltres, Zapdos e Articuno GX;https://limitlesstcg.nyc3.cdn.digitaloceanspaces.com/tpci/SMP/SMP_210_R_PT.png;https://limitlesstcg.com/cards/pt/SMP/210;baixado;
smp;smp-SM211;SM211;Charizard GX;https://limitlesstcg.nyc3.cdn.digitaloceanspaces.com/tpci/SMP/SMP_211_R_PT.png;https://limitlesstcg.com/cards/pt/SMP/211;baixado;
smp;smp-SM212;SM212;Gyarados GX;https://limitlesstcg.nyc3.cdn.digitaloceanspaces.com/tpci/SMP/SMP_212_R_PT.png;https://limitlesstcg.com/cards/pt/SMP/212;baixado;
smp;smp-SM213;SM213;Raichu GX;https://limitlesstcg.nyc3.cdn.digitaloceanspaces.com/tpci/SMP/SMP_213_R_PT.png;https://limitlesstcg.com/cards/pt/SMP/213;baixado;
smp;smp-SM214;SM214;Mewtwo;https://limitlesstcg.nyc3.cdn.digitaloceanspaces.com/tpci/SMP/SMP_214_R_PT.png;https://limitlesstcg.com/cards/pt/SMP/214;baixado;
smp;smp-SM215;SM215;Mew;https://limitlesstcg.nyc3.cdn.digitaloceanspaces.com/tpci/SMP/SMP_215_R_PT.png;https://limitlesstcg.com/cards/pt/SMP/215;baixado;
smp;smp-SM216;SM216;Porygon-Z GX;https://limitlesstcg.nyc3.cdn.digitaloceanspaces.com/tpci/SMP/SMP_216_R_PT.png;https://limitlesstcg.com/cards/pt/SMP/216;baixado;
smp;smp-SM217;SM217;Trevenant e Dusknoir GX;https://limitlesstcg.nyc3.cdn.digitaloceanspaces.com/tpci/SMP/SMP_217_R_PT.png;https://limitlesstcg.com/cards/pt/SMP/217;baixado;
smp;smp-SM218;SM218;Buzzwole;https://limitlesstcg.nyc3.cdn.digitaloceanspaces.com/tpci/SMP/SMP_218_R_PT.png;https://limitlesstcg.com/cards/pt/SMP/218;baixado;
smp;smp-SM219;SM219;Entei;https://limitlesstcg.nyc3.cdn.digitaloceanspaces.com/tpci/SMP/SMP_219_R_PT.png;https://limitlesstcg.com/cards/pt/SMP/219;baixado;
smp;smp-SM22;SM22;Rowlet;https://limitlesstcg.nyc3.cdn.digitaloceanspaces.com/tpci/SMP/SMP_022_R_PT.png;https://limitlesstcg.com/cards/pt/SMP/22;baixado;
smp;smp-SM220;SM220;Phione;https://limitlesstcg.nyc3.cdn.digitaloceanspaces.com/tpci/SMP/SMP_220_R_PT.png;https://limitlesstcg.com/cards/pt/SMP/220;baixado;
smp;smp-SM221;SM221;Blacephalon;https://limitlesstcg.nyc3.cdn.digitaloceanspaces.com/tpci/SMP/SMP_221_R_PT.png;https://limitlesstcg.com/cards/pt/SMP/221;baixado;
smp;smp-SM222;SM222;Mismagius;https://limitlesstcg.nyc3.cdn.digitaloceanspaces.com/tpci/SMP/SMP_222_R_PT.png;https://limitlesstcg.com/cards/pt/SMP/222;baixado;
smp;smp-SM223;SM223;Terrakion;https://limitlesstcg.nyc3.cdn.digitaloceanspaces.com/tpci/SMP/SMP_223_R_PT.png;https://limitlesstcg.com/cards/pt/SMP/223;baixado;
smp;smp-SM224;SM224;Celebi;https://limitlesstcg.nyc3.cdn.digitaloceanspaces.com/tpci/SMP/SMP_224_R_PT.png;https://limitlesstcg.com/cards/pt/SMP/224;baixado;
smp;smp-SM225;SM225;Victini;https://limitlesstcg.nyc3.cdn.digitaloceanspaces.com/tpci/SMP/SMP_225_R_PT.png;https://limitlesstcg.com/cards/pt/SMP/225;baixado;
smp;smp-SM226;SM226;Charizard;https://limitlesstcg.nyc3.cdn.digitaloceanspaces.com/tpci/SMP/SMP_226_R_PT.png;https://limitlesstcg.com/cards/pt/SMP/226;baixado;
smp;smp-SM227;SM227;Pikachu;https://limitlesstcg.nyc3.cdn.digitaloceanspaces.com/tpci/SMP/SMP_227_R_PT.png;https://limitlesstcg.com/cards/pt/SMP/227;baixado;
smp;smp-SM228;SM228;Armored Mewtwo;https://limitlesstcg.nyc3.cdn.digitaloceanspaces.com/tpci/SMP/SMP_228_R_PT.png;https://limitlesstcg.com/cards/pt/SMP/228;baixado;
smp;smp-SM229;SM229;Venusaur e Snivy GX;https://limitlesstcg.nyc3.cdn.digitaloceanspaces.com/tpci/SMP/SMP_229_R_PT.png;https://limitlesstcg.com/cards/pt/SMP/229;baixado;
smp;smp-SM23;SM23;Litten;https://limitlesstcg.nyc3.cdn.digitaloceanspaces.com/tpci/SMP/SMP_023_R_PT.png;https://limitlesstcg.com/cards/pt/SMP/23;baixado;
smp;smp-SM230;SM230;Charizard e Braixen GX;https://limitlesstcg.nyc3.cdn.digitaloceanspaces.com/tpci/SMP/SMP_230_R_PT.png;https://limitlesstcg.com/cards/pt/SMP/230;baixado;
smp;smp-SM231;SM231;Festival dos Campeões;https://limitlesstcg.nyc3.cdn.digitaloceanspaces.com/tpci/SMP/SMP_231_R_PT.png;https://limitlesstcg.com/cards/pt/SMP/231;baixado;
smp;smp-SM232;SM232;Pikachu GX;https://limitlesstcg.nyc3.cdn.digitaloceanspaces.com/tpci/SMP/SMP_232_R_PT.png;https://limitlesstcg.com/cards/pt/SMP/232;baixado;
smp;smp-SM233;SM233;Eevee GX;https://limitlesstcg.nyc3.cdn.digitaloceanspaces.com/tpci/SMP/SMP_233_R_PT.png;https://limitlesstcg.com/cards/pt/SMP/233;baixado;
smp;smp-SM234;SM234;Pikachu;https://limitlesstcg.nyc3.cdn.digitaloceanspaces.com/tpci/SMP/SMP_234_R_PT.png;https://limitlesstcg.com/cards/pt/SMP/234;baixado;
smp;smp-SM235;SM235;Eevee;https://limitlesstcg.nyc3.cdn.digitaloceanspaces.com/tpci/SMP/SMP_235_R_PT.png;https://limitlesstcg.com/cards/pt/SMP/235;baixado;
smp;smp-SM236;SM236;Sandslash de Alola GX;https://limitlesstcg.nyc3.cdn.digitaloceanspaces.com/tpci/SMP/SMP_236_R_PT.png;https://limitlesstcg.com/cards/pt/SMP/236;baixado;
smp;smp-SM237;SM237;Leafeon;https://limitlesstcg.nyc3.cdn.digitaloceanspaces.com/tpci/SMP/SMP_237_R_PT.png;https://limitlesstcg.com/cards/pt/SMP/237;baixado;
smp;smp-SM238;SM238;Glaceon;https://limitlesstcg.nyc3.cdn.digitaloceanspaces.com/tpci/SMP/SMP_238_R_PT.png;https://limitlesstcg.com/cards/pt/SMP/238;baixado;
smp;smp-SM239;SM239;Carracosta GX;https://limitlesstcg.nyc3.cdn.digitaloceanspaces.com/tpci/SMP/SMP_239_R_PT.png;https://limitlesstcg.com/cards/pt/SMP/239;baixado;
smp;smp-SM24;SM24;Popplio;https://limitlesstcg.nyc3.cdn.digitaloceanspaces.com/tpci/SMP/SMP_024_R_PT.png;https://limitlesstcg.com/cards/pt/SMP/24;baixado;
smp;smp-SM240;SM240;Espeon e Deoxys GX;https://limitlesstcg.nyc3.cdn.digitaloceanspaces.com/tpci/SMP/SMP_240_R_PT.png;https://limitlesstcg.com/cards/pt/SMP/240;baixado;
smp;smp-SM241;SM241;Umbreon e Darkrai GX;https://limitlesstcg.nyc3.cdn.digitaloceanspaces.com/tpci/SMP/SMP_241_R_PT.png;https://limitlesstcg.com/cards/pt/SMP/241;baixado;
smp;smp-SM242;SM242;Eevee GX;https://limitlesstcg.nyc3.cdn.digitaloceanspaces.com/tpci/SMP/SMP_242_R_PT.png;https://limitlesstcg.com/cards/pt/SMP/242;baixado;
smp;smp-SM243;SM243;Regigigas;https://limitlesstcg.nyc3.cdn.digitaloceanspaces.com/tpci/SMP/SMP_243_R_PT.png;https://limitlesstcg.com/cards/pt/SMP/243;baixado;
smp;smp-SM244;SM244;Aipom;https://limitlesstcg.nyc3.cdn.digitaloceanspaces.com/tpci/SMP/SMP_244_R_PT.png;https://limitlesstcg.com/cards/pt/SMP/244;baixado;
smp;smp-SM245;SM245;Mismagius;https://limitlesstcg.nyc3.cdn.digitaloceanspaces.com/tpci/SMP/SMP_245_R_PT.png;https://limitlesstcg.com/cards/pt/SMP/245;ja_existia;
smp;smp-SM246;SM246;Sabrina e Brycen;https://limitlesstcg.nyc3.cdn.digitaloceanspaces.com/tpci/SMP/SMP_246_R_PT.png;https://limitlesstcg.com/cards/pt/SMP/246;ja_existia;
smp;smp-SM247;SM247;Reshiram e Charizard GX;https://limitlesstcg.nyc3.cdn.digitaloceanspaces.com/tpci/SMP/SMP_247_R_PT.png;https://limitlesstcg.com/cards/pt/SMP/247;ja_existia;
smp;smp-SM248;SM248;Pikachu e Zekrom GX;https://limitlesstcg.nyc3.cdn.digitaloceanspaces.com/tpci/SMP/SMP_248_R_PT.png;https://limitlesstcg.com/cards/pt/SMP/248;ja_existia;
smp;smp-SM25;SM25;Lurantis;https://limitlesstcg.nyc3.cdn.digitaloceanspaces.com/tpci/SMP/SMP_025_R_PT.png;https://limitlesstcg.com/cards/pt/SMP/25;baixado;
smp;smp-SM26;SM26;Tsareena;https://limitlesstcg.nyc3.cdn.digitaloceanspaces.com/tpci/SMP/SMP_026_R_PT.png;https://limitlesstcg.com/cards/pt/SMP/26;baixado;
smp;smp-SM27;SM27;Turtonator;https://limitlesstcg.nyc3.cdn.digitaloceanspaces.com/tpci/SMP/SMP_027_R_PT.png;https://limitlesstcg.com/cards/pt/SMP/27;baixado;
smp;smp-SM28;SM28;Vikavolt;https://limitlesstcg.nyc3.cdn.digitaloceanspaces.com/tpci/SMP/SMP_028_R_PT.png;https://limitlesstcg.com/cards/pt/SMP/28;baixado;
smp;smp-SM29;SM29;Mimikyu;https://limitlesstcg.nyc3.cdn.digitaloceanspaces.com/tpci/SMP/SMP_029_R_PT.png;https://limitlesstcg.com/cards/pt/SMP/29;baixado;
smp;smp-SM30;SM30;Tapu Koko;https://limitlesstcg.nyc3.cdn.digitaloceanspaces.com/tpci/SMP/SMP_030_R_PT.png;https://limitlesstcg.com/cards/pt/SMP/30;baixado;
smp;smp-SM31;SM31;Tapu Koko;https://limitlesstcg.nyc3.cdn.digitaloceanspaces.com/tpci/SMP/SMP_031_R_PT.png;https://limitlesstcg.com/cards/pt/SMP/31;baixado;
smp;smp-SM32;SM32;Tapu Bulu GX;https://limitlesstcg.nyc3.cdn.digitaloceanspaces.com/tpci/SMP/SMP_032_R_PT.png;https://limitlesstcg.com/cards/pt/SMP/32;baixado;
smp;smp-SM33;SM33;Tapu Koko GX;https://limitlesstcg.nyc3.cdn.digitaloceanspaces.com/tpci/SMP/SMP_033_R_PT.png;https://limitlesstcg.com/cards/pt/SMP/33;baixado;
smp;smp-SM34;SM34;Bewear GX;https://limitlesstcg.nyc3.cdn.digitaloceanspaces.com/tpci/SMP/SMP_034_R_PT.png;https://limitlesstcg.com/cards/pt/SMP/34;baixado;
smp;smp-SM35;SM35;Espeon GX;https://limitlesstcg.nyc3.cdn.digitaloceanspaces.com/tpci/SMP/SMP_035_R_PT.png;https://limitlesstcg.com/cards/pt/SMP/35;baixado;
smp;smp-SM36;SM36;Umbreon GX;https://limitlesstcg.nyc3.cdn.digitaloceanspaces.com/tpci/SMP/SMP_036_R_PT.png;https://limitlesstcg.com/cards/pt/SMP/36;baixado;
smp;smp-SM37;SM37;Decidueye GX;https://limitlesstcg.nyc3.cdn.digitaloceanspaces.com/tpci/SMP/SMP_037_R_PT.png;https://limitlesstcg.com/cards/pt/SMP/37;baixado;
smp;smp-SM38;SM38;Incineroar GX;https://limitlesstcg.nyc3.cdn.digitaloceanspaces.com/tpci/SMP/SMP_038_R_PT.png;https://limitlesstcg.com/cards/pt/SMP/38;baixado;
smp;smp-SM39;SM39;Primarina GX;https://limitlesstcg.nyc3.cdn.digitaloceanspaces.com/tpci/SMP/SMP_039_R_PT.png;https://limitlesstcg.com/cards/pt/SMP/39;baixado;
smp;smp-SM40;SM40;Jangmo-o;https://limitlesstcg.nyc3.cdn.digitaloceanspaces.com/tpci/SMP/SMP_040_R_PT.png;https://limitlesstcg.com/cards/pt/SMP/40;baixado;
smp;smp-SM41;SM41;Komala;https://limitlesstcg.nyc3.cdn.digitaloceanspaces.com/tpci/SMP/SMP_041_R_PT.png;https://limitlesstcg.com/cards/pt/SMP/41;baixado;
smp;smp-SM42;SM42;Cosmog;https://limitlesstcg.nyc3.cdn.digitaloceanspaces.com/tpci/SMP/SMP_042_R_PT.png;https://limitlesstcg.com/cards/pt/SMP/42;baixado;
smp;smp-SM43;SM43;Meowth de Alola;https://limitlesstcg.nyc3.cdn.digitaloceanspaces.com/tpci/SMP/SMP_043_R_PT.png;https://limitlesstcg.com/cards/pt/SMP/43;baixado;
smp;smp-SM44;SM44;Togedemaru;https://limitlesstcg.nyc3.cdn.digitaloceanspaces.com/tpci/SMP/SMP_044_R_PT.png;https://limitlesstcg.com/cards/pt/SMP/44;baixado;
smp;smp-SM45;SM45;Tapu Lele;https://limitlesstcg.nyc3.cdn.digitaloceanspaces.com/tpci/SMP/SMP_045_R_PT.png;https://limitlesstcg.com/cards/pt/SMP/45;baixado;
smp;smp-SM46;SM46;Seviper;https://limitlesstcg.nyc3.cdn.digitaloceanspaces.com/tpci/SMP/SMP_046_R_PT.png;https://limitlesstcg.com/cards/pt/SMP/46;baixado;
smp;smp-SM47;SM47;Crabominable;https://limitlesstcg.nyc3.cdn.digitaloceanspaces.com/tpci/SMP/SMP_047_R_PT.png;https://limitlesstcg.com/cards/pt/SMP/47;baixado;
smp;smp-SM48;SM48;Zygarde;https://limitlesstcg.nyc3.cdn.digitaloceanspaces.com/tpci/SMP/SMP_048_R_PT.png;https://limitlesstcg.com/cards/pt/SMP/48;baixado;
smp;smp-SM49;SM49;Bewear;https://limitlesstcg.nyc3.cdn.digitaloceanspaces.com/tpci/SMP/SMP_049_R_PT.png;https://limitlesstcg.com/cards/pt/SMP/49;baixado;
smp;smp-SM50;SM50;Tapu Koko GX;https://limitlesstcg.nyc3.cdn.digitaloceanspaces.com/tpci/SMP/SMP_050_R_PT.png;https://limitlesstcg.com/cards/pt/SMP/50;baixado;
smp;smp-SM51;SM51;Meowth de Alola;https://limitlesstcg.nyc3.cdn.digitaloceanspaces.com/tpci/SMP/SMP_051_R_PT.png;https://limitlesstcg.com/cards/pt/SMP/51;baixado;
smp;smp-SM52;SM52;Golisopod;https://limitlesstcg.nyc3.cdn.digitaloceanspaces.com/tpci/SMP/SMP_052_R_PT.png;https://limitlesstcg.com/cards/pt/SMP/52;baixado;
smp;smp-SM53;SM53;Dhelmise;https://limitlesstcg.nyc3.cdn.digitaloceanspaces.com/tpci/SMP/SMP_053_R_PT.png;https://limitlesstcg.com/cards/pt/SMP/53;baixado;
smp;smp-SM54;SM54;Lucario;https://limitlesstcg.nyc3.cdn.digitaloceanspaces.com/tpci/SMP/SMP_054_R_PT.png;https://limitlesstcg.com/cards/pt/SMP/54;baixado;
smp;smp-SM55;SM55;Decidueye;https://limitlesstcg.nyc3.cdn.digitaloceanspaces.com/tpci/SMP/SMP_055_R_PT.png;https://limitlesstcg.com/cards/pt/SMP/55;baixado;
smp;smp-SM56;SM56;Tsareena GX;https://limitlesstcg.nyc3.cdn.digitaloceanspaces.com/tpci/SMP/SMP_056_R_PT.png;https://limitlesstcg.com/cards/pt/SMP/56;baixado;
smp;smp-SM57;SM57;Ho-Oh GX;https://limitlesstcg.nyc3.cdn.digitaloceanspaces.com/tpci/SMP/SMP_057_R_PT.png;https://limitlesstcg.com/cards/pt/SMP/57;baixado;
smp;smp-SM58;SM58;Necrozma GX;https://limitlesstcg.nyc3.cdn.digitaloceanspaces.com/tpci/SMP/SMP_058_R_PT.png;https://limitlesstcg.com/cards/pt/SMP/58;baixado;
smp;smp-SM59;SM59;Marshadow GX;https://limitlesstcg.nyc3.cdn.digitaloceanspaces.com/tpci/SMP/SMP_059_R_PT.png;https://limitlesstcg.com/cards/pt/SMP/59;baixado;
smp;smp-SM60;SM60;Charizard GX;https://limitlesstcg.nyc3.cdn.digitaloceanspaces.com/tpci/SMP/SMP_060_R_PT.png;https://limitlesstcg.com/cards/pt/SMP/60;baixado;
smp;smp-SM61;SM61;Tapu Bulu;https://limitlesstcg.nyc3.cdn.digitaloceanspaces.com/tpci/SMP/SMP_061_R_PT.png;https://limitlesstcg.com/cards/pt/SMP/61;baixado;
smp;smp-SM62;SM62;Golisopod GX;https://limitlesstcg.nyc3.cdn.digitaloceanspaces.com/tpci/SMP/SMP_062_R_PT.png;https://limitlesstcg.com/cards/pt/SMP/62;baixado;
smp;smp-SM63;SM63;Salazzle GX;https://limitlesstcg.nyc3.cdn.digitaloceanspaces.com/tpci/SMP/SMP_063_R_PT.png;https://limitlesstcg.com/cards/pt/SMP/63;baixado;
smp;smp-SM64;SM64;Silvally;https://limitlesstcg.nyc3.cdn.digitaloceanspaces.com/tpci/SMP/SMP_064_R_PT.png;https://limitlesstcg.com/cards/pt/SMP/64;baixado;
smp;smp-SM65;SM65;Raichu de Alola;https://limitlesstcg.nyc3.cdn.digitaloceanspaces.com/tpci/SMP/SMP_065_R_PT.png;https://limitlesstcg.com/cards/pt/SMP/65;baixado;
smp;smp-SM66;SM66;Pheromosa GX;https://limitlesstcg.nyc3.cdn.digitaloceanspaces.com/tpci/SMP/SMP_066_R_PT.png;https://limitlesstcg.com/cards/pt/SMP/66;baixado;
smp;smp-SM67;SM67;Celesteela GX;https://limitlesstcg.nyc3.cdn.digitaloceanspaces.com/tpci/SMP/SMP_067_R_PT.png;https://limitlesstcg.com/cards/pt/SMP/67;baixado;
smp;smp-SM68;SM68;Xurkitree GX;https://limitlesstcg.nyc3.cdn.digitaloceanspaces.com/tpci/SMP/SMP_068_R_PT.png;https://limitlesstcg.com/cards/pt/SMP/68;baixado;
smp;smp-SM69;SM69;Buzzwole GX;https://limitlesstcg.nyc3.cdn.digitaloceanspaces.com/tpci/SMP/SMP_069_R_PT.png;https://limitlesstcg.com/cards/pt/SMP/69;baixado;
smp;smp-SM70;SM70;Ho-Oh Luminescente;https://limitlesstcg.nyc3.cdn.digitaloceanspaces.com/tpci/SMP/SMP_070_R_PT.png;https://limitlesstcg.com/cards/pt/SMP/70;baixado;
smp;smp-SM71;SM71;Kommo-o GX;https://limitlesstcg.nyc3.cdn.digitaloceanspaces.com/tpci/SMP/SMP_071_R_PT.png;https://limitlesstcg.com/cards/pt/SMP/71;baixado;
smp;smp-SM72;SM72;Raichu de Alola;https://limitlesstcg.nyc3.cdn.digitaloceanspaces.com/tpci/SMP/SMP_072_R_PT.png;https://limitlesstcg.com/cards/pt/SMP/72;baixado;
smp;smp-SM73;SM73;Salazzle;https://limitlesstcg.nyc3.cdn.digitaloceanspaces.com/tpci/SMP/SMP_073_R_PT.png;https://limitlesstcg.com/cards/pt/SMP/73;baixado;
smp;smp-SM74;SM74;Regirock;https://limitlesstcg.nyc3.cdn.digitaloceanspaces.com/tpci/SMP/SMP_074_R_PT.png;https://limitlesstcg.com/cards/pt/SMP/74;baixado;
smp;smp-SM75;SM75;Registeel;https://limitlesstcg.nyc3.cdn.digitaloceanspaces.com/tpci/SMP/SMP_075_R_PT.png;https://limitlesstcg.com/cards/pt/SMP/75;baixado;
smp;smp-SM76;SM76;Pikachu;https://limitlesstcg.nyc3.cdn.digitaloceanspaces.com/tpci/SMP/SMP_076_R_PT.png;https://limitlesstcg.com/cards/pt/SMP/76;baixado;
smp;smp-SM77;SM77;Mewtwo;https://limitlesstcg.nyc3.cdn.digitaloceanspaces.com/tpci/SMP/SMP_077_R_PT.png;https://limitlesstcg.com/cards/pt/SMP/77;baixado;
smp;smp-SM78;SM78;Festival dos Campeões;https://limitlesstcg.nyc3.cdn.digitaloceanspaces.com/tpci/SMP/SMP_078_R_PT.png;https://limitlesstcg.com/cards/pt/SMP/78;baixado;
smp;smp-SM79;SM79;Celebi Luminescente;https://limitlesstcg.nyc3.cdn.digitaloceanspaces.com/tpci/SMP/SMP_079_R_PT.png;https://limitlesstcg.com/cards/pt/SMP/79;baixado;
smp;smp-SM80;SM80;Ho-Oh GX;https://limitlesstcg.nyc3.cdn.digitaloceanspaces.com/tpci/SMP/SMP_080_R_PT.png;https://limitlesstcg.com/cards/pt/SMP/80;baixado;
smp;smp-SM81;SM81;Pikachu;https://limitlesstcg.nyc3.cdn.digitaloceanspaces.com/tpci/SMP/SMP_081_R_PT.png;https://limitlesstcg.com/cards/pt/SMP/81;baixado;
smp;smp-SM82;SM82;Lugia Luminescente;https://limitlesstcg.nyc3.cdn.digitaloceanspaces.com/tpci/SMP/SMP_082_R_PT.png;https://limitlesstcg.com/cards/pt/SMP/82;baixado;
smp;smp-SM83;SM83;Zorua;https://limitlesstcg.nyc3.cdn.digitaloceanspaces.com/tpci/SMP/SMP_083_R_PT.png;https://limitlesstcg.com/cards/pt/SMP/83;baixado;
smp;smp-SM84;SM84;Zoroark GX;https://limitlesstcg.nyc3.cdn.digitaloceanspaces.com/tpci/SMP/SMP_084_R_PT.png;https://limitlesstcg.com/cards/pt/SMP/84;baixado;
smp;smp-SM85;SM85;Marshadow;https://limitlesstcg.nyc3.cdn.digitaloceanspaces.com/tpci/SMP/SMP_085_R_PT.png;https://limitlesstcg.com/cards/pt/SMP/85;baixado;
smp;smp-SM86;SM86;Pikachu;https://limitlesstcg.nyc3.cdn.digitaloceanspaces.com/tpci/SMP/SMP_086_R_PT.png;https://limitlesstcg.com/cards/pt/SMP/86;baixado;
smp;smp-SM87;SM87;Latias;https://limitlesstcg.nyc3.cdn.digitaloceanspaces.com/tpci/SMP/SMP_087_R_PT.png;https://limitlesstcg.com/cards/pt/SMP/87;baixado;
smp;smp-SM88;SM88;Latios;https://limitlesstcg.nyc3.cdn.digitaloceanspaces.com/tpci/SMP/SMP_088_R_PT.png;https://limitlesstcg.com/cards/pt/SMP/88;baixado;
smp;smp-SM89;SM89;Zoroark;https://limitlesstcg.nyc3.cdn.digitaloceanspaces.com/tpci/SMP/SMP_089_R_PT.png;https://limitlesstcg.com/cards/pt/SMP/89;baixado;
smp;smp-SM90;SM90;Raichu GX;https://limitlesstcg.nyc3.cdn.digitaloceanspaces.com/tpci/SMP/SMP_090_R_PT.png;https://limitlesstcg.com/cards/pt/SMP/90;baixado;
smp;smp-SM91;SM91;Silvally GX;https://limitlesstcg.nyc3.cdn.digitaloceanspaces.com/tpci/SMP/SMP_091_R_PT.png;https://limitlesstcg.com/cards/pt/SMP/91;baixado;
smp;smp-SM92;SM92;Tapu Fini;https://limitlesstcg.nyc3.cdn.digitaloceanspaces.com/tpci/SMP/SMP_092_R_PT.png;https://limitlesstcg.com/cards/pt/SMP/92;baixado;
smp;smp-SM93;SM93;Marshadow;https://limitlesstcg.nyc3.cdn.digitaloceanspaces.com/tpci/SMP/SMP_093_R_PT.png;https://limitlesstcg.com/cards/pt/SMP/93;baixado;
smp;smp-SM94;SM94;Rotom Lavagem;https://limitlesstcg.nyc3.cdn.digitaloceanspaces.com/tpci/SMP/SMP_094_R_PT.png;https://limitlesstcg.com/cards/pt/SMP/94;baixado;
smp;smp-SM95;SM95;Lucario;https://limitlesstcg.nyc3.cdn.digitaloceanspaces.com/tpci/SMP/SMP_095_R_PT.png;https://limitlesstcg.com/cards/pt/SMP/95;baixado;
smp;smp-SM96;SM96;Heatran;https://limitlesstcg.nyc3.cdn.digitaloceanspaces.com/tpci/SMP/SMP_096_R_PT.png;https://limitlesstcg.com/cards/pt/SMP/96;baixado;
smp;smp-SM97;SM97;Gumshoos;https://limitlesstcg.nyc3.cdn.digitaloceanspaces.com/tpci/SMP/SMP_097_R_PT.png;https://limitlesstcg.com/cards/pt/SMP/97;baixado;
smp;smp-SM98;SM98;Pikachu;https://limitlesstcg.nyc3.cdn.digitaloceanspaces.com/tpci/SMP/SMP_098_R_PT.png;https://limitlesstcg.com/cards/pt/SMP/98;baixado;
smp;smp-SM99;SM99;Mimikyu;https://limitlesstcg.nyc3.cdn.digitaloceanspaces.com/tpci/SMP/SMP_099_R_PT.png;https://limitlesstcg.com/cards/pt/SMP/99;baixado;
smp;smp-SM04;SM04;Pikachu;https://limitlesstcg.nyc3.cdn.digitaloceanspaces.com/tpci/SMP/SMP_004_R_PT.png;https://limitlesstcg.com/cards/pt/SMP/4;erro;403 Client Error: Forbidden for url: https://limitlesstcg.nyc3.cdn.digitaloceanspaces.com/tpci/SMP/SMP_004_R_PT_LG.png
smp;smp-SM108;SM108;Ash's Pikachu;https://limitlesstcg.nyc3.cdn.digitaloceanspaces.com/tpci/SMP/SMP_108_R_PT.png;https://limitlesstcg.com/cards/pt/SMP/108;erro;403 Client Error: Forbidden for url: https://limitlesstcg.nyc3.cdn.digitaloceanspaces.com/tpci/SMP/SMP_108_R_PT_LG.png
smp;smp-SM109;SM109;Ash's Pikachu;https://limitlesstcg.nyc3.cdn.digitaloceanspaces.com/tpci/SMP/SMP_109_R_PT.png;https://limitlesstcg.com/cards/pt/SMP/109;erro;403 Client Error: Forbidden for url: https://limitlesstcg.nyc3.cdn.digitaloceanspaces.com/tpci/SMP/SMP_109_R_PT_LG.png
smp;smp-SM110;SM110;Ash's Pikachu;https://limitlesstcg.nyc3.cdn.digitaloceanspaces.com/tpci/SMP/SMP_110_R_PT.png;https://limitlesstcg.com/cards/pt/SMP/110;erro;403 Client Error: Forbidden for url: https://limitlesstcg.nyc3.cdn.digitaloceanspaces.com/tpci/SMP/SMP_110_R_PT_LG.png
smp;smp-SM111;SM111;Ash's Pikachu;https://limitlesstcg.nyc3.cdn.digitaloceanspaces.com/tpci/SMP/SMP_111_R_PT.png;https://limitlesstcg.com/cards/pt/SMP/111;erro;403 Client Error: Forbidden for url: https://limitlesstcg.nyc3.cdn.digitaloceanspaces.com/tpci/SMP/SMP_111_R_PT_LG.png
smp;smp-SM112;SM112;Ash's Pikachu;https://limitlesstcg.nyc3.cdn.digitaloceanspaces.com/tpci/SMP/SMP_112_R_PT.png;https://limitlesstcg.com/cards/pt/SMP/112;erro;403 Client Error: Forbidden for url: https://limitlesstcg.nyc3.cdn.digitaloceanspaces.com/tpci/SMP/SMP_112_R_PT_LG.png
smp;smp-SM113;SM113;Ash's Pikachu;https://limitlesstcg.nyc3.cdn.digitaloceanspaces.com/tpci/SMP/SMP_113_R_PT.png;https://limitlesstcg.com/cards/pt/SMP/113;erro;403 Client Error: Forbidden for url: https://limitlesstcg.nyc3.cdn.digitaloceanspaces.com/tpci/SMP/SMP_113_R_PT_LG.png
smp;smp-SM114;SM114;Ash's Pikachu;https://limitlesstcg.nyc3.cdn.digitaloceanspaces.com/tpci/SMP/SMP_114_R_PT.png;https://limitlesstcg.com/cards/pt/SMP/114;erro;403 Client Error: Forbidden for url: https://limitlesstcg.nyc3.cdn.digitaloceanspaces.com/tpci/SMP/SMP_114_R_PT_LG.png
smp;smp-SM30a;SM30a;"Variante SM30a (código local derivado do Limitless; sem ID TCGdex)";https://limitlesstcg.nyc3.cdn.digitaloceanspaces.com/tpci/SMP/SMP_030a_R_PT.png;https://limitlesstcg.com/cards/pt/SMP/30a;baixado;
smp;smp-SM103a;SM103a;"Variante SM103a (código local derivado do Limitless; sem ID TCGdex)";https://limitlesstcg.nyc3.cdn.digitaloceanspaces.com/tpci/SMP/SMP_103a_R_PT.png;https://limitlesstcg.com/cards/pt/SMP/103a;baixado;
smp;smp-SM104a;SM104a;"Variante SM104a (código local derivado do Limitless; sem ID TCGdex)";https://limitlesstcg.nyc3.cdn.digitaloceanspaces.com/tpci/SMP/SMP_104a_R_PT.png;https://limitlesstcg.com/cards/pt/SMP/104a;baixado;
